<?xml version="1.0" encoding="UTF-8"?>
<project-private xmlns="http://www.netbeans.org/ns/project-private/1">
    <editor-bookmarks xmlns="http://www.netbeans.org/ns/editor-bookmarks/2" lastBookmarkId="0"/>
    <open-files xmlns="http://www.netbeans.org/ns/projectui-open-files/2">
        <group>
            <file>file:/F:/XAMPP/htdocs/DBsymf2/app/Resources/views/base.html.twig</file>
            <file>file:/F:/XAMPP/htdocs/DBsymf2/src/AppBundle/Entity/Tags.php</file>
            <file>file:/F:/XAMPP/htdocs/DBsymf2/src/AppBundle/Entity/TagsPosts.php</file>
            <file>file:/F:/XAMPP/htdocs/DBsymf2/app/Resources/views/default/post.html.twig</file>
            <file>file:/F:/XAMPP/htdocs/DBsymf2/src/AppBundle/Entity/Navigationdropdowns.php</file>
            <file>file:/F:/XAMPP/htdocs/DBsymf2/src/AppBundle/Entity/NavigationlinksNavigationdropdowns.php</file>
            <file>file:/F:/XAMPP/htdocs/DBsymf2/src/AppBundle/Controller/DefaultController.php</file>
            <file>file:/F:/XAMPP/htdocs/DBsymf2/app/Resources/views/default/posts.html.twig</file>
            <file>file:/F:/XAMPP/htdocs/DBsymf2/src/AppBundle/Entity/Posts.php</file>
            <file>file:/F:/XAMPP/htdocs/DBsymf2/src/AppBundle/Entity/Users.php</file>
            <file>file:/F:/XAMPP/htdocs/DBsymf2/web/assets/public/js/tags-autocomplete.js</file>
            <file>file:/F:/XAMPP/htdocs/DBsymf2/app/Resources/views/default/index.html.twig</file>
        </group>
    </open-files>
</project-private>
